{
    "final_reproj_error": 0.2916398582648,
    "fps": 59.94005994005994,
    "image_height": 1080,
    "image_width": 1920,
    "intrinsic_type": "FISHEYE",
    "intrinsics": {
      "aspect_ratio": 0.9987433306,
      "focal_length": 621.1906058722,
      "principal_pt_x": 968.8461411271767,
      "principal_pt_y": 539.6469269315296,
      "radial_distortion_1": -0.03076538160790376,
      "radial_distortion_2": -0.10221919418966144,
      "radial_distortion_3": 0.10624520813637088,
      "radial_distortion_4": 0.01687379204171842,
      "skew": 0.0
    },
    "nr_calib_images": 59,
    "stabelized": false
}  